ID,calle_colo,delegacion,cp,tipo,precio,moneda,lat,lon,AREA_CONST,RECAMARAS,BANOS,No_de_piso,Edad_inmue,Jardin,Cisterna,Seguridad,Zona priva,Alberca,Lavanderí,Terraza,Gimnasio,Cuarto de,Chimenea,Sótano,Aire acond,Elevador,Urbanizado,CVE_ENT,CVE_MUN,CVE_LOC,CVE_AGEB,CVE_MZA,TIPOMZA,CVE_MZA1,CPV_VIVTOT,CPV_VPH_C_,CPV_VPH_AE,CPV_VPH_DR,CPV_VPH__1,CPV_Prop_e,CPV_Prop_a,CPV_Prop_d,CPV_Prop_s
28772737,ADOLFO PRIETO,Benito Juárez,3200,Casa en condominio,"9,500,000",MXN,19.376821300000000,-99.1746778,165,3,4,4,1,FALSO,VERDADERO,VERDADERO,FALSO,FALSO,FALSO,FALSO,FALSO,FALSO,FALSO,FALSO,FALSO,FALSO,FALSO,09,014,0001,0721,003,Típica,01400010721003,319.000000000000000,277,277,277,277,86.833855799372998,86.833855799372998,86.833855799372998,86.833855799372998
27804669,AV TOLUCA #411Int. 59,Álvaro Obregón,1780,Casa en condominio,"7,450,000",MXN,19.339229300000000,-99.2189838,230,3,3,3,13,FALSO,VERDADERO,VERDADERO,FALSO,FALSO,VERDADERO,FALSO,FALSO,FALSO,FALSO,FALSO,FALSO,FALSO,FALSO,09,010,0001,1171,049,Típica,01000011171049,979.000000000000000,888,887,887,887,90.704800817160404,90.602655771195103,90.602655771195103,90.602655771195103
28660612,Avenida Jesús del Monte 300,Cuajimalpa de Morelos,5260,Casa en condominio,"4,250,000",MXN,19.366728400000000,-99.2934588,165,3,3,1,16,FALSO,FALSO,FALSO,FALSO,FALSO,VERDADERO,FALSO,FALSO,FALSO,FALSO,FALSO,FALSO,FALSO,FALSO,09,004,0001,0301,001,Contenedora,00400010301001,230.000000000000000,223,223,223,223,96.956521739130395,96.956521739130395,96.956521739130395,96.956521739130395
28799275,Calle Latinos 82 #82,Benito Juárez,3510,Casa en condominio,"6,500,000",MXN,19.396044819574819,-99.1328165,170,4,2,3,7,VERDADERO,VERDADERO,FALSO,VERDADERO,FALSO,FALSO,VERDADERO,FALSO,FALSO,FALSO,FALSO,FALSO,FALSO,FALSO,09,014,0001,0153,001,Típica,01400010153001,38.000000000000000,35,35,35,35,92.105263157894697,92.105263157894697,92.105263157894697,92.105263157894697
28661094,Cerrada de Bezares 100,Miguel Hidalgo,11910,Casa en condominio,"8,900,000",MXN,19.390981499999999,-99.2439166,190,3,2,1,16,FALSO,FALSO,FALSO,FALSO,FALSO,FALSO,FALSO,FALSO,FALSO,FALSO,FALSO,FALSO,FALSO,FALSO,09,016,0001,1300,027,Típica,01600011300027,55.000000000000000,31,31,31,31,56.363636363636402,56.363636363636402,56.363636363636402,56.363636363636402
28661483,Cerrada del Olivarito 0 - 0,Álvaro Obregón,1780,Casa en condominio,"16,500,000",MXN,19.339229300000000,-99.2189838,490,5,4,1,32,FALSO,FALSO,FALSO,FALSO,FALSO,FALSO,FALSO,FALSO,FALSO,FALSO,FALSO,FALSO,FALSO,FALSO,09,010,0001,1171,049,Típica,01000011171049,979.000000000000000,888,887,887,887,90.704800817160404,90.602655771195103,90.602655771195103,90.602655771195103
28251712,GUADALUPE I RAMIREZ #5693,Xochimilco,16030,Casa en condominio,"5,600,000",MXN,19.269396837062342,-99.12908707,133,2,2,2,10,FALSO,VERDADERO,VERDADERO,FALSO,FALSO,VERDADERO,FALSO,FALSO,FALSO,FALSO,FALSO,FALSO,FALSO,FALSO,09,013,0001,0067,011,Típica,01300010067011,50.000000000000000,45,45,45,45,90.000000000000000,90.000000000000000,90.000000000000000,90.000000000000000
28756873,La Castañeda,Benito Juárez,3910,Casa en condominio,"6,490,000",MXN,19.372333500000000,-99.1905974,142,3,3,3,11,FALSO,VERDADERO,VERDADERO,VERDADERO,FALSO,FALSO,FALSO,FALSO,FALSO,FALSO,FALSO,FALSO,FALSO,FALSO,09,014,0001,0685,011,Típica,01400010685011,38.000000000000000,37,37,37,37,97.368421052631604,97.368421052631604,97.368421052631604,97.368421052631604
27285281,LA JOYA #233Int. 4,Tlalpan,14600,Casa en condominio,"5,750,000",MXN,19.279039399999998,-99.1421561,236,3,3,2,1,FALSO,VERDADERO,VERDADERO,VERDADERO,FALSO,FALSO,VERDADERO,FALSO,FALSO,FALSO,FALSO,FALSO,FALSO,FALSO,09,012,0001,1068,009,Típica,01200011068009,140.000000000000000,127,127,127,127,90.714285714285694,90.714285714285694,90.714285714285694,90.714285714285694
26639651,Paseo de las lilas #15,Cuajimalpa de Morelos,5120,Casa en condominio,"28,000,000",MXN,19.393786217428797,-99.24604172,450,3,3,2,10,FALSO,VERDADERO,FALSO,VERDADERO,VERDADERO,FALSO,FALSO,VERDADERO,FALSO,FALSO,FALSO,FALSO,FALSO,FALSO,09,016,0001,1300,012,Típica,01600011300012,339.000000000000000,197,196,197,197,58.112094395280202,57.817109144542798,58.112094395280202,58.112094395280202
28723724,20 de noviembre #69,Iztapalapa,9700,Casa,"2,870,000",MXN,19.331612000000000,-99.047386,251,4,3,1,39,FALSO,FALSO,FALSO,FALSO,FALSO,FALSO,FALSO,FALSO,FALSO,FALSO,FALSO,FALSO,FALSO,FALSO,09,007,0001,3030,021,Típica,00700013030021,39.000000000000000,37,30,37,37,94.871794871794918,76.923076923076906,94.871794871794918,94.871794871794918
28660477,Av. San Jerónimo 1300,La Magdalena Contreras,10200,Casa,"5,900,000",MXN,19.326136999999999,-99.226107,215,3,2,1,29,FALSO,FALSO,FALSO,FALSO,FALSO,VERDADERO,FALSO,FALSO,FALSO,FALSO,FALSO,FALSO,FALSO,FALSO,09,008,0001,0122,008,Típica,00800010122008,34.000000000000000,34,34,34,34,100.000000000000000,100.000000000000000,100.000000000000000,100.000000000000000
28625397,Ayuntamiento #191,Coyoacán,4310,Casa,"11,200,000",MXN,19.342687906574174,-99.1698657,350,4,3,2,40,FALSO,VERDADERO,FALSO,VERDADERO,FALSO,FALSO,FALSO,FALSO,FALSO,FALSO,FALSO,FALSO,FALSO,FALSO,09,003,0001,0272,025,Típica,00300010272025,47.000000000000000,40,40,40,40,85.106382978723403,85.106382978723403,85.106382978723403,85.106382978723403
28712309,_,La Magdalena Contreras,10500,Casa,"6,000,000",MXN,19.312367299999998,-99.2353589,237,3,2,1,30,FALSO,FALSO,VERDADERO,FALSO,FALSO,FALSO,FALSO,FALSO,VERDADERO,FALSO,FALSO,FALSO,FALSO,FALSO,09,008,0001,025A,007,Típica,0080001025A007,155.000000000000000,144,144,144,144,92.903225806451601,92.903225806451601,92.903225806451601,92.903225806451601
28666085,Calzada de las Águilas,Álvaro Obregón,1810,Casa,"8,200,000",MXN,19.381240600000002,-99.2245579,297,3,2,2,1,FALSO,FALSO,FALSO,FALSO,FALSO,FALSO,FALSO,FALSO,FALSO,VERDADERO,FALSO,FALSO,FALSO,FALSO,09,010,0001,1932,025,Típica,01000011932025,21.000000000000000,21,21,21,21,100.000000000000000,100.000000000000000,100.000000000000000,100.000000000000000
28101857,CAM A AHUANTECO,Cuajimalpa de Morelos,5000,Casa,"7,180,000",MXN,19.355750700000002,-99.2993504,300,4,4,2,25,VERDADERO,FALSO,FALSO,FALSO,FALSO,VERDADERO,FALSO,FALSO,FALSO,FALSO,FALSO,FALSO,FALSO,FALSO,09,004,0001,0091,003,Típica,00400010091003,184.000000000000000,163,163,163,163,88.586956521739097,88.586956521739097,88.586956521739097,88.586956521739097
28662419,Camino Real 5200,Álvaro Obregón,1700,Casa,"18,500,000",MXN,19.341893700000000,-99.2245237,618,3,3,1,34,FALSO,FALSO,FALSO,FALSO,FALSO,VERDADERO,FALSO,FALSO,FALSO,VERDADERO,FALSO,FALSO,FALSO,FALSO,09,010,0001,1171,055,Típica,01000011171055,580.000000000000000,526,525,525,525,90.689655172413794,90.517241379310306,90.517241379310306,90.517241379310306
28660275,Cerrada de las Fuentes 100a,Álvaro Obregón,1900,Casa,"22,890,000",MXN,19.320575200000000,-99.2092897,513,4,4,1,26,FALSO,FALSO,VERDADERO,FALSO,FALSO,VERDADERO,FALSO,FALSO,FALSO,FALSO,FALSO,FALSO,FALSO,FALSO,09,010,0001,1260,009,Típica,01000011260009,66.000000000000000,58,55,58,58,87.878787878787904,83.333333333333300,87.878787878787904,87.878787878787904
28715860,Cerrada Margaritas 40 #40,Álvaro Obregón,1030,Casa,"9,850,000",MXN,19.363412799999999,-99.1783654,240,3,2,2,45,VERDADERO,VERDADERO,FALSO,FALSO,FALSO,FALSO,FALSO,FALSO,FALSO,FALSO,FALSO,FALSO,FALSO,FALSO,09,010,0001,1006,020,Típica,01000011006020,91.000000000000000,66,66,66,66,72.527472527472497,72.527472527472497,72.527472527472497,72.527472527472497
28662761,Desierto de los Leones 4900,Álvaro Obregón,1700,Casa,"15,500,000",MXN,19.341893700000000,-99.2245237,500,4,5,1,40,FALSO,FALSO,FALSO,FALSO,FALSO,VERDADERO,VERDADERO,FALSO,FALSO,FALSO,FALSO,FALSO,FALSO,FALSO,09,010,0001,1171,055,Típica,01000011171055,580.000000000000000,526,525,525,525,90.689655172413794,90.517241379310306,90.517241379310306,90.517241379310306
28846897,Doctor Atl 280 #280,Cuauhtémoc,6400,Casa,"9,000,000",MXN,19.453031500000002,-99.1556117,270,3,3,2,1,FALSO,FALSO,FALSO,FALSO,FALSO,FALSO,FALSO,FALSO,FALSO,FALSO,FALSO,FALSO,FALSO,FALSO,09,015,0001,0470,002,Típica,01500010470002,231.000000000000000,187,187,187,187,80.952380952380906,80.952380952380906,80.952380952380906,80.952380952380906
28546746,,Coyoacán,4815,Casa,"4,690,000",MXN,19.315686500000002,-99.1073581,280,4,4,1,1,FALSO,FALSO,FALSO,FALSO,FALSO,FALSO,VERDADERO,FALSO,FALSO,FALSO,FALSO,FALSO,FALSO,FALSO,09,003,0001,1406,025,Típica,00300011406025,43.000000000000000,40,40,40,40,93.023255813953497,93.023255813953497,93.023255813953497,93.023255813953497
28831015,Encino Grande 180 #180,Álvaro Obregón,1700,Casa,"9,600,000",MXN,19.339622800000001,-99.2270986,301,3,5,2,1,FALSO,FALSO,FALSO,FALSO,FALSO,FALSO,FALSO,FALSO,VERDADERO,FALSO,FALSO,FALSO,FALSO,FALSO,09,010,0001,1858,030,Típica,01000011858030,947.000000000000000,904,899,904,904,95.459345300950403,94.931362196409694,95.459345300950403,95.459345300950403
28661936,Fuente de la Luz 100,Tlalpan,14140,Casa,"24,900,000",MXN,19.305708200000002,-99.2266013,1150,5,4,1,20,FALSO,FALSO,FALSO,FALSO,FALSO,FALSO,VERDADERO,FALSO,FALSO,FALSO,FALSO,FALSO,FALSO,FALSO,09,012,0001,0017,006,Típica,01200010017006,23.000000000000000,21,21,21,21,91.304347826086996,91.304347826086996,91.304347826086996,91.304347826086996
28659940,Granada 100,Xochimilco,16100,Casa,"4,300,000",MXN,19.255328100000000,-99.1303962,291,4,2,1,25,FALSO,FALSO,FALSO,FALSO,FALSO,FALSO,FALSO,FALSO,FALSO,FALSO,FALSO,FALSO,FALSO,FALSO,09,013,0001,0298,004,Típica,01300010298004,311.000000000000000,282,276,283,282,90.675241157556300,88.745980707395503,90.996784565916400,90.675241157556300
28778690,,Gustavo A. Madero,7800,Casa,"5,950,000",MXN,19.470084900000000,-99.1297611,246,4,3,1,1,FALSO,FALSO,FALSO,FALSO,FALSO,FALSO,FALSO,FALSO,FALSO,FALSO,FALSO,FALSO,FALSO,FALSO,09,005,0001,1580,022,Típica,00500011580022,43.000000000000000,38,38,38,38,88.372093023255815,88.372093023255815,88.372093023255815,88.372093023255815
28625645,,Gustavo A. Madero,7300,Casa,"15,789,000",MXN,19.490208400000000,-99.124236,519,12,8,1,1,FALSO,FALSO,FALSO,FALSO,FALSO,FALSO,FALSO,FALSO,FALSO,FALSO,FALSO,FALSO,FALSO,FALSO,09,005,0001,0968,003,Típica,00500010968003,43.000000000000000,35,35,35,35,81.395348837209298,81.395348837209298,81.395348837209298,81.395348837209298
28631858,Lomas Altas,Miguel Hidalgo,11950,Casa,"53,000,000",MXN,19.400595299999999,-99.2279876,448,4,3,1,1,FALSO,FALSO,FALSO,FALSO,FALSO,FALSO,FALSO,FALSO,FALSO,FALSO,FALSO,FALSO,FALSO,FALSO,09,016,0001,1283,005,Típica,01600011283005,473.000000000000000,171,171,171,171,36.152219873150102,36.152219873150102,36.152219873150102,36.152219873150102
28722938,MIGUEL LERDO DE TEJADA #268,Álvaro Obregón,1020,Casa,"22,500,000",MXN,19.353556000000001,-99.18615,750,7,4,1,1,FALSO,FALSO,FALSO,FALSO,FALSO,FALSO,FALSO,FALSO,FALSO,FALSO,FALSO,FALSO,FALSO,FALSO,09,010,0001,1059,023,Típica,01000011059023,41.000000000000000,33,33,33,33,80.487804878048806,80.487804878048806,80.487804878048806,80.487804878048806
28662554,Montaña 400,Coyoacán,4500,Casa,"20,500,000",MXN,19.307951200000002,-99.1968277,955,3,5,1,41,FALSO,FALSO,FALSO,FALSO,VERDADERO,FALSO,VERDADERO,FALSO,FALSO,FALSO,FALSO,FALSO,FALSO,FALSO,09,003,0001,1105,009,Típica,00300011105009,4.000000000000000,4,4,4,4,100.000000000000000,100.000000000000000,100.000000000000000,100.000000000000000
27427313,Naranjos 16 #16,La Magdalena Contreras,10400,Casa,"8,250,000",MXN,19.318781200000000,-99.2282531,400,4,3,2,45,FALSO,VERDADERO,FALSO,VERDADERO,FALSO,FALSO,FALSO,FALSO,FALSO,VERDADERO,FALSO,FALSO,FALSO,FALSO,09,008,0001,018A,009,Típica,0080001018A009,19.000000000000000,18,18,18,18,94.736842105263193,94.736842105263193,94.736842105263193,94.736842105263193
28762827,,Álvaro Obregón,1780,Casa,"6,600,000",MXN,19.340934900000001,-99.205763,203,3,2,1,1,FALSO,FALSO,FALSO,FALSO,FALSO,FALSO,FALSO,FALSO,FALSO,FALSO,FALSO,FALSO,FALSO,FALSO,09,010,0001,1222,016,Típica,01000011222016,58.000000000000000,56,56,56,56,96.551724137931004,96.551724137931004,96.551724137931004,96.551724137931004
27586526,Paseo del Rocio Lomas de Vista Hermosa,Cuajimalpa de Morelos,5100,Casa,"10,500,000",MXN,19.376360099999999,-99.2684457,319,4,4,3,50,FALSO,FALSO,VERDADERO,VERDADERO,FALSO,FALSO,FALSO,FALSO,FALSO,FALSO,FALSO,FALSO,FALSO,FALSO,09,004,0001,0049,001,Típica,00400010049001,332.000000000000000,310,309,310,310,93.373493975903600,93.072289156626496,93.373493975903600,93.373493975903600
23701112,PEDREGAL DE SAN FRANCISCO,Coyoacán,4320,Casa,"12,850,000",MXN,19.338804600000000,-99.1691413,306,1,3,1,33,FALSO,FALSO,FALSO,FALSO,FALSO,FALSO,FALSO,FALSO,FALSO,FALSO,FALSO,FALSO,FALSO,FALSO,09,003,0001,0431,016,Típica,00300010431016,17.000000000000000,15,15,15,15,88.235294117647101,88.235294117647101,88.235294117647101,88.235294117647101
23965760,PEDREGAL DE SAN FRANCISCO,Coyoacán,4320,Casa,"29,900,000",MXN,19.338804600000000,-99.1691413,564,4,3,2,40,FALSO,VERDADERO,FALSO,VERDADERO,FALSO,FALSO,FALSO,FALSO,FALSO,VERDADERO,FALSO,FALSO,FALSO,FALSO,09,003,0001,0431,016,Típica,00300010431016,17.000000000000000,15,15,15,15,88.235294117647101,88.235294117647101,88.235294117647101,88.235294117647101
27926439,Pino,Álvaro Obregón,1030,Casa,"24,900,000",MXN,19.362990557071896,-99.17650252,326,3,3,2,13,VERDADERO,VERDADERO,FALSO,FALSO,FALSO,FALSO,FALSO,FALSO,FALSO,VERDADERO,FALSO,FALSO,FALSO,FALSO,09,010,0001,1006,018,Típica,01000011006018,22.000000000000000,19,19,19,19,86.363636363636402,86.363636363636402,86.363636363636402,86.363636363636402
28567032,Plaza rio san carlos,Iztapalapa,9030,Casa,"11,000,000",MXN,19.387256199999999,-99.0889919,300,6,4,1,1,VERDADERO,FALSO,FALSO,FALSO,FALSO,FALSO,VERDADERO,FALSO,VERDADERO,FALSO,FALSO,FALSO,FALSO,FALSO,09,007,0001,0093,011,Típica,00700010093011,116.000000000000000,107,107,107,107,92.241379310344797,92.241379310344797,92.241379310344797,92.241379310344797
28651106,Primer Retorno de Sierra Itambe,Miguel Hidalgo,11700,Casa,"2,600,000",USD,19.391411900000001,-99.265523,1200,3,4,1,20,VERDADERO,FALSO,VERDADERO,FALSO,FALSO,FALSO,FALSO,FALSO,VERDADERO,FALSO,FALSO,FALSO,FALSO,FALSO,09,004,0001,0176,016,Contenedora,00400010176016,487.000000000000000,473,464,467,466,97.125256673511302,95.277207392197099,95.893223819301795,95.687885010266896
28651107,Primer Retorno de Sierra Itambe,Miguel Hidalgo,11920,Casa,"2,600,000",USD,19.396345199999999,-99.2397156,1200,3,4,1,20,VERDADERO,FALSO,VERDADERO,FALSO,FALSO,FALSO,FALSO,FALSO,VERDADERO,FALSO,FALSO,FALSO,FALSO,FALSO,09,016,0001,1300,014,Típica,01600011300014,90.000000000000000,68,68,68,68,75.555555555555600,75.555555555555600,75.555555555555600,75.555555555555600
21872833,Renovación,Iztapalapa,9209,Casa,"2,100,000",MXN,19.371356919000000,-99.04867887,250,6,3,1,31,FALSO,FALSO,FALSO,FALSO,FALSO,FALSO,FALSO,FALSO,FALSO,FALSO,FALSO,FALSO,FALSO,FALSO,09,007,0001,465A,013,Típica,0070001465A013,36.000000000000000,36,36,36,36,100.000000000000000,100.000000000000000,100.000000000000000,100.000000000000000
28545932,Residencial Emperadores,Benito Juárez,3320,Casa,"18,000,000",MXN,19.370394900000001,-99.1546152,530,10,6,1,1,FALSO,FALSO,FALSO,FALSO,FALSO,FALSO,FALSO,FALSO,FALSO,FALSO,FALSO,FALSO,FALSO,FALSO,09,014,0001,0774,025,Típica,01400010774025,99.000000000000000,84,84,84,84,84.848484848484802,84.848484848484802,84.848484848484802,84.848484848484802
28662434,Retorno 100 del Tepozteco 43,Tlalpan,14608,Casa,"19,900,000",MXN,19.278060100000001,-99.146999,480,4,4,1,5,FALSO,FALSO,FALSO,FALSO,FALSO,VERDADERO,VERDADERO,VERDADERO,FALSO,VERDADERO,FALSO,FALSO,FALSO,FALSO,09,012,0001,2121,021,Contenedora,01200012121021,1175.000000000000000,1081,815,1081,1079,92.000000000000000,69.361702127659598,92.000000000000000,91.829787234042499
28566972,San Angel,Álvaro Obregón,1000,Casa,"49,000,000",MXN,19.345423600000000,-99.1936871,750,4,4,1,9,VERDADERO,FALSO,VERDADERO,FALSO,FALSO,FALSO,VERDADERO,FALSO,VERDADERO,FALSO,FALSO,FALSO,FALSO,FALSO,09,010,0001,1129,003,Típica,01000011129003,33.000000000000000,26,26,26,26,78.787878787878796,78.787878787878796,78.787878787878796,78.787878787878796
27905272,san francisco  #34,La Magdalena Contreras,10200,Casa,"7,999,980",MXN,19.326136999999999,-99.226107,224,3,3,2,9,FALSO,VERDADERO,FALSO,VERDADERO,FALSO,FALSO,FALSO,VERDADERO,FALSO,FALSO,FALSO,FALSO,FALSO,FALSO,09,008,0001,0122,008,Típica,00800010122008,34.000000000000000,34,34,34,34,100.000000000000000,100.000000000000000,100.000000000000000,100.000000000000000
25032574,Santiago Rebull,Benito Juárez,3910,Casa,"6,950,000",MXN,19.371857700000000,-99.1904438,146,2,2,1,1,FALSO,FALSO,FALSO,FALSO,FALSO,FALSO,VERDADERO,FALSO,FALSO,FALSO,FALSO,FALSO,FALSO,FALSO,09,014,0001,0685,016,Típica,01400010685016,37.000000000000000,34,34,34,34,91.891891891891902,91.891891891891902,91.891891891891902,91.891891891891902
26093789,Sierra Ixtlán,Miguel Hidalgo,11000,Casa,"33,000,000",MXN,19.409124296839565,-99.22578402,509,7,4,3,40,FALSO,VERDADERO,FALSO,FALSO,FALSO,FALSO,FALSO,FALSO,FALSO,FALSO,FALSO,FALSO,FALSO,FALSO,09,016,0001,1052,028,Típica,01600011052028,18.000000000000000,16,16,16,16,88.888888888888900,88.888888888888900,88.888888888888900,88.888888888888900
28062807,Sierra Ventana,Miguel Hidalgo,11000,Casa,"60,000,000",MXN,19.425935500000001,-99.2211701,1052,3,3,1,35,VERDADERO,FALSO,VERDADERO,FALSO,FALSO,FALSO,FALSO,FALSO,VERDADERO,FALSO,FALSO,FALSO,FALSO,FALSO,09,016,0001,0868,001,Típica,01600010868001,16.000000000000000,14,14,14,14,87.500000000000000,87.500000000000000,87.500000000000000,87.500000000000000
28232776,TOWN HOUSE CON ROOF PRIVADO EN CONDOMINIO DE 4 VECINOS,Cuauhtémoc,6760,Casa,"11,305,350",MXN,19.405298999999999,-99.1649891,143,3,2,3,1,FALSO,VERDADERO,FALSO,VERDADERO,FALSO,FALSO,VERDADERO,FALSO,FALSO,FALSO,FALSO,FALSO,FALSO,FALSO,09,015,0001,145A,008,Típica,0150001145A008,22.000000000000000,20,20,20,20,90.909090909090907,90.909090909090907,90.909090909090907,90.909090909090907
28610397,_,Benito Juárez,3104,Departamento,"7,000,000",MXN,19.367940300000001,-99.169486,103,2,2,1,1,FALSO,FALSO,VERDADERO,FALSO,FALSO,FALSO,FALSO,FALSO,FALSO,FALSO,FALSO,FALSO,VERDADERO,FALSO,09,014,0001,0810,005,Típica,01400010810005,309.000000000000000,290,290,290,290,93.851132686084100,93.851132686084100,93.851132686084100,93.851132686084100
28684820,Adolfo López Mateos #1753,Álvaro Obregón,1600,Departamento,"4,750,000",MXN,19.366149873296916,-99.19158541,71,2,2,1,1,FALSO,FALSO,FALSO,VERDADERO,VERDADERO,FALSO,FALSO,VERDADERO,FALSO,FALSO,FALSO,FALSO,VERDADERO,FALSO,09,010,0001,0845,015,Típica,01000010845015,24.000000000000000,20,20,20,20,83.333333333333300,83.333333333333300,83.333333333333300,83.333333333333300
16052498,Amores,Benito Juárez,3103,Departamento,"4,950,000",MXN,19.396263999999999,-99.1636594,97,2,2,1,5,FALSO,FALSO,VERDADERO,FALSO,FALSO,FALSO,FALSO,FALSO,FALSO,FALSO,FALSO,FALSO,FALSO,FALSO,09,014,0001,0242,006,Típica,01400010242006,266.000000000000000,227,227,227,227,85.338345864661719,85.338345864661719,85.338345864661719,85.338345864661719
27923503,Anaxagoras,Benito Juárez,3020,Departamento,"6,725,000",MXN,19.388220000000000,-99.157526,109,2,2,1,1,FALSO,FALSO,VERDADERO,FALSO,FALSO,FALSO,VERDADERO,FALSO,FALSO,FALSO,FALSO,FALSO,VERDADERO,FALSO,09,014,0001,0261,022,Típica,01400010261022,204.000000000000000,165,165,165,165,80.882352941176507,80.882352941176507,80.882352941176507,80.882352941176507
28830906,Anillo Periférico 4091 #4091,Tlalpan,14140,Departamento,"3,600,000",MXN,19.308368099999999,-99.218957,108,3,2,4,1,FALSO,FALSO,FALSO,FALSO,FALSO,FALSO,FALSO,FALSO,FALSO,FALSO,FALSO,FALSO,FALSO,FALSO,09,012,0001,2066,001,Contenedora,01200012066001,42.000000000000000,34,33,34,34,80.952380952380906,78.571428571428598,80.952380952380906,80.952380952380906
28720572,Av. Acueducto #757,Gustavo A. Madero,7369,Departamento,"4,664,847",MXN,19.501619999999999,-99.12123,96,3,2,1,1,FALSO,FALSO,FALSO,FALSO,FALSO,FALSO,FALSO,FALSO,FALSO,FALSO,FALSO,FALSO,FALSO,FALSO,09,005,0001,0756,011,Típica,00500010756011,198.000000000000000,63,62,63,63,31.818181818181799,31.313131313131301,31.818181818181799,31.818181818181799
28667132,Av. Acueducto de Guadalupe 600,Gustavo A. Madero,7010,Departamento,"2,240,000",MXN,19.497757700000001,-99.113797,74,2,1,1,1,FALSO,FALSO,FALSO,FALSO,FALSO,FALSO,VERDADERO,FALSO,FALSO,FALSO,FALSO,FALSO,FALSO,FALSO,09,005,0001,0987,009,Típica,00500010987009,84.000000000000000,80,80,80,80,95.238095238095198,95.238095238095198,95.238095238095198,95.238095238095198
28662125,Av. Amsterdam 200,Cuauhtémoc,6100,Departamento,"9,300,000",MXN,19.409368199999999,-99.1719095,140,2,2,1,44,FALSO,FALSO,FALSO,FALSO,FALSO,FALSO,FALSO,FALSO,FALSO,FALSO,FALSO,FALSO,VERDADERO,FALSO,09,015,0001,1341,016,Típica,01500011341016,113.000000000000000,83,83,83,83,73.451327433628293,73.451327433628293,73.451327433628293,73.451327433628293
28723693,AV. CHAPULTEPEC #139,Cuauhtémoc,6040,Departamento,"2,325,300",MXN,19.427070000000001,-99.15154,31,1,1,1,1,FALSO,FALSO,FALSO,FALSO,FALSO,FALSO,FALSO,FALSO,FALSO,FALSO,FALSO,FALSO,FALSO,FALSO,09,015,0001,0860,012,Típica,01500010860012,105.000000000000000,80,79,80,80,76.190476190476204,75.238095238095198,76.190476190476204,76.190476190476204
28661744,Av. Cuauhtémoc,Cuauhtémoc,6720,Departamento,"3,179,410",MXN,19.417923200000001,-99.1483827,44,1,1,1,1,FALSO,FALSO,VERDADERO,FALSO,FALSO,FALSO,FALSO,FALSO,FALSO,FALSO,FALSO,FALSO,VERDADERO,FALSO,09,015,0001,113A,019,Contenedora,0150001113A019,251.000000000000000,234,234,234,234,93.227091633466102,93.227091633466102,93.227091633466102,93.227091633466102
28661744,Av. Cuauhtémoc,Cuauhtémoc,6720,Departamento,"3,179,410",MXN,19.417923200000001,-99.1483827,44,1,1,1,1,FALSO,FALSO,VERDADERO,FALSO,FALSO,FALSO,FALSO,FALSO,FALSO,FALSO,FALSO,FALSO,VERDADERO,FALSO,09,015,0001,113A,028,Contenida,0150001113A028,10.000000000000000,9,9,9,9,90.000000000000000,90.000000000000000,90.000000000000000,90.000000000000000
28661763,Av. Cuauhtémoc,Cuauhtémoc,6720,Departamento,"4,340,000",MXN,19.417923200000001,-99.1483827,46,1,1,1,1,FALSO,FALSO,VERDADERO,FALSO,FALSO,FALSO,VERDADERO,FALSO,FALSO,FALSO,FALSO,FALSO,VERDADERO,FALSO,09,015,0001,113A,019,Contenedora,0150001113A019,251.000000000000000,234,234,234,234,93.227091633466102,93.227091633466102,93.227091633466102,93.227091633466102
28661763,Av. Cuauhtémoc,Cuauhtémoc,6720,Departamento,"4,340,000",MXN,19.417923200000001,-99.1483827,46,1,1,1,1,FALSO,FALSO,VERDADERO,FALSO,FALSO,FALSO,VERDADERO,FALSO,FALSO,FALSO,FALSO,FALSO,VERDADERO,FALSO,09,015,0001,113A,028,Contenida,0150001113A028,10.000000000000000,9,9,9,9,90.000000000000000,90.000000000000000,90.000000000000000,90.000000000000000
28534758,Av. Pdte. Plutarco Elías Calles,Iztacalco,8400,Departamento,"2,409,000",MXN,19.397384200000001,-99.1014971,48,2,1,1,3,FALSO,FALSO,VERDADERO,FALSO,FALSO,FALSO,FALSO,FALSO,FALSO,FALSO,FALSO,FALSO,VERDADERO,FALSO,09,006,0001,0132,015,Típica,00600010132015,155.000000000000000,132,132,132,132,85.161290322580598,85.161290322580598,85.161290322580598,85.161290322580598
26974570,Av. Revolución #1014,Benito Juárez,3900,Departamento,"5,365,000",MXN,19.369978799999998,-99.1881409,83,2,2,2,1,FALSO,FALSO,FALSO,FALSO,FALSO,FALSO,FALSO,FALSO,FALSO,FALSO,FALSO,FALSO,VERDADERO,FALSO,09,014,0001,0897,020,Típica,01400010897020,63.000000000000000,56,56,56,56,88.888888888888900,88.888888888888900,88.888888888888900,88.888888888888900
27970188,Av. Revolución,Benito Juárez,3900,Departamento,"5,260,000",MXN,19.365077899999999,-99.1886518,112,3,2,1,17,FALSO,FALSO,VERDADERO,FALSO,FALSO,FALSO,FALSO,FALSO,FALSO,FALSO,FALSO,FALSO,VERDADERO,FALSO,09,014,0001,090A,012,Típica,0140001090A012,84.000000000000000,75,75,75,75,89.285714285714306,89.285714285714306,89.285714285714306,89.285714285714306
28660389,Av Toluca 1000,Álvaro Obregón,1170,Departamento,"4,500,000",MXN,19.389166299999999,-99.2072126,96,2,2,1,7,FALSO,FALSO,VERDADERO,FALSO,FALSO,FALSO,FALSO,VERDADERO,FALSO,FALSO,FALSO,FALSO,FALSO,FALSO,09,010,0001,021A,004,Típica,0100001021A004,43.000000000000000,39,39,39,39,90.697674418604606,90.697674418604606,90.697674418604606,90.697674418604606
27780598,Av Wilfrido Massieu 326 #326,Gustavo A. Madero,7739,Departamento,"4,650,000",MXN,19.496956699999998,-99.1428174,150,3,2,4,20,FALSO,FALSO,FALSO,FALSO,FALSO,FALSO,FALSO,FALSO,FALSO,FALSO,FALSO,FALSO,FALSO,FALSO,09,005,0001,0934,017,Típica,00500010934017,48.000000000000000,44,44,44,44,91.666666666666700,91.666666666666700,91.666666666666700,91.666666666666700
28215693,Avenida Coyoacan 1129 #1129,Benito Juárez,3100,Departamento,"4,491,290",MXN,19.377245100000000,-99.169755,71,2,2,1,1,FALSO,VERDADERO,FALSO,VERDADERO,FALSO,FALSO,FALSO,FALSO,FALSO,FALSO,FALSO,FALSO,VERDADERO,FALSO,09,014,0001,0740,006,Típica,01400010740006,99.000000000000000,90,90,90,90,90.909090909090907,90.909090909090907,90.909090909090907,90.909090909090907
28587402,Avenida de la Industria 82 #82,Venustiano Carranza,15530,Departamento,"2,020,000",MXN,19.435163899999999,-99.1032271,56,2,1,1,9,FALSO,VERDADERO,FALSO,VERDADERO,FALSO,VERDADERO,FALSO,FALSO,FALSO,FALSO,FALSO,FALSO,FALSO,FALSO,09,017,0001,0441,014,Típica,01700010441014,627.000000000000000,532,531,532,532,84.848484848484802,84.688995215310996,84.848484848484802,84.848484848484802
28661559,Avenida Insurgentes Sur 2300,Álvaro Obregón,1090,Departamento,"5,200,000",MXN,19.337614700000000,-99.194878,74,2,2,1,5,FALSO,FALSO,FALSO,FALSO,VERDADERO,FALSO,FALSO,FALSO,FALSO,FALSO,FALSO,FALSO,FALSO,FALSO,09,010,0001,1241,013,Típica,01000011241013,117.000000000000000,107,107,107,107,91.452991452991498,91.452991452991498,91.452991452991498,91.452991452991498
28072809,Avenida Mexico 359 #359,Cuajimalpa de Morelos,5270,Departamento,"4,100,000",MXN,19.366054699999999,-99.2985273,123,3,2,1,7,FALSO,VERDADERO,FALSO,VERDADERO,VERDADERO,FALSO,FALSO,VERDADERO,FALSO,FALSO,FALSO,FALSO,VERDADERO,FALSO,09,004,0001,0299,017,Típica,00400010299017,275.000000000000000,177,177,177,177,64.363636363636402,64.363636363636402,64.363636363636402,64.363636363636402
28662029,Avenida Nuevo León 300,Cuauhtémoc,6100,Departamento,"6,811,411",MXN,19.409368199999999,-99.1719095,91,2,2,1,1,FALSO,FALSO,FALSO,FALSO,FALSO,FALSO,FALSO,FALSO,FALSO,FALSO,FALSO,FALSO,VERDADERO,FALSO,09,015,0001,1341,016,Típica,01500011341016,113.000000000000000,83,83,83,83,73.451327433628293,73.451327433628293,73.451327433628293,73.451327433628293
28753331,Bahía de Todos los Santos,Miguel Hidalgo,11300,Departamento,"4,900,000",MXN,19.434023499999999,-99.172753,147,3,1,1,1,FALSO,FALSO,FALSO,FALSO,FALSO,FALSO,FALSO,FALSO,FALSO,FALSO,FALSO,FALSO,FALSO,FALSO,09,016,0001,0603,013,Típica,01600010603013,38.000000000000000,33,33,33,33,86.842105263157904,86.842105263157904,86.842105263157904,86.842105263157904
28426198,Baja California,Cuauhtémoc,6760,Departamento,"5,400,000",MXN,19.406621099999999,-99.1587243,125,4,2,1,64,FALSO,FALSO,FALSO,FALSO,FALSO,FALSO,FALSO,FALSO,VERDADERO,FALSO,FALSO,FALSO,FALSO,FALSO,09,015,0001,1479,018,Típica,01500011479018,125.000000000000000,112,110,111,111,89.599999999999994,88.000000000000000,88.799999999999997,88.799999999999997
28646180,Blvd. Adolfo López Mateos,Álvaro Obregón,1010,Departamento,"5,090,000",MXN,19.360115300000000,-99.1930527,76,2,2,1,1,FALSO,FALSO,VERDADERO,FALSO,VERDADERO,FALSO,FALSO,VERDADERO,FALSO,FALSO,FALSO,FALSO,VERDADERO,FALSO,09,010,0001,0972,012,Típica,01000010972012,156.000000000000000,21,21,21,21,13.461538461538501,13.461538461538501,13.461538461538501,13.461538461538501
28243385,Bordo #85,Coyoacán,4980,Departamento,"4,520,000",MXN,19.307072443426254,-99.13830951,88,2,2,5,6,FALSO,VERDADERO,FALSO,FALSO,VERDADERO,FALSO,FALSO,VERDADERO,FALSO,FALSO,FALSO,FALSO,VERDADERO,FALSO,09,003,0001,1410,003,Típica,00300011410003,327.000000000000000,300,300,300,300,91.743119266055004,91.743119266055004,91.743119266055004,91.743119266055004
28662122,Bosque de Canelos 200,Cuajimalpa de Morelos,5120,Departamento,"10,500,000",MXN,19.390416200000001,-99.2550003,286,3,3,1,38,FALSO,FALSO,FALSO,FALSO,FALSO,VERDADERO,FALSO,FALSO,FALSO,VERDADERO,FALSO,FALSO,VERDADERO,FALSO,09,004,0001,0180,007,Contenedora,00400010180007,1168.000000000000000,1074,1065,1072,1071,91.952054794520507,91.181506849315099,91.780821917808197,91.695205479452099
28603430,Boulevard Adolfo Lopez Mateos #1753,Álvaro Obregón,1600,Departamento,"4,950,000",MXN,19.367708620721682,-99.1916176,71,2,2,1,1,FALSO,FALSO,FALSO,FALSO,VERDADERO,FALSO,VERDADERO,VERDADERO,FALSO,FALSO,FALSO,FALSO,VERDADERO,FALSO,09,010,0001,0845,018,Típica,01000010845018,37.000000000000000,34,34,34,34,91.891891891891902,91.891891891891902,91.891891891891902,91.891891891891902
28662411,Boulevard Adolfo López Mateos 2000,Álvaro Obregón,1010,Departamento,"5,450,000",MXN,19.356622699999999,-99.2099821,80,2,2,1,2,FALSO,FALSO,FALSO,FALSO,VERDADERO,FALSO,VERDADERO,VERDADERO,FALSO,FALSO,FALSO,FALSO,FALSO,FALSO,09,010,0001,0949,023,Típica,01000010949023,21.000000000000000,20,20,20,20,95.238095238095198,95.238095238095198,95.238095238095198,95.238095238095198
25811264,C. Maestro Antonio Caso No. 19,Cuauhtémoc,6030,Departamento,"4,605,553",MXN,19.434087999999999,-99.155107,33,1,1,1,1,FALSO,FALSO,FALSO,FALSO,FALSO,FALSO,FALSO,VERDADERO,FALSO,FALSO,FALSO,FALSO,VERDADERO,FALSO,09,015,0001,070A,010,Típica,0150001070A010,10.000000000000000,10,10,10,10,100.000000000000000,100.000000000000000,100.000000000000000,100.000000000000000
28839172,Calle Nogal 187B #187B,Cuauhtémoc,6400,Departamento,"4,000,000",MXN,19.450520500000000,-99.1630369,66,1,2,1,9,VERDADERO,VERDADERO,VERDADERO,FALSO,FALSO,FALSO,FALSO,FALSO,FALSO,FALSO,FALSO,FALSO,FALSO,FALSO,09,015,0001,0466,005,Típica,01500010466005,147.000000000000000,135,133,135,135,91.836734693877602,90.476190476190496,91.836734693877602,91.836734693877602
28661993,Calle Pennsylvania 300,Benito Juárez,3840,Departamento,"4,950,000",MXN,19.387763799999998,-99.1767541,114,3,2,1,40,FALSO,FALSO,FALSO,FALSO,FALSO,VERDADERO,FALSO,FALSO,FALSO,FALSO,FALSO,FALSO,FALSO,FALSO,09,014,0001,0384,020,Típica,01400010384020,221.000000000000000,188,188,188,188,85.067873303167403,85.067873303167403,85.067873303167403,85.067873303167403
28794375,Calzada de Guadalupe #90,Cuauhtémoc,6220,Departamento,"3,300,000",MXN,19.461417000000001,-99.1331631,120,2,2,3,1,FALSO,FALSO,VERDADERO,FALSO,FALSO,FALSO,FALSO,FALSO,FALSO,FALSO,FALSO,FALSO,FALSO,FALSO,09,015,0001,0023,004,Típica,01500010023004,54.000000000000000,47,46,47,47,87.037037037036995,85.185185185185205,87.037037037036995,87.037037037036995
28769251,Calzada de los Tenorios 150 #150Int. C504,Tlalpan,14326,Departamento,"1,795,000",MXN,19.294364173219051,-99.11713529,75,3,1,5,35,FALSO,FALSO,FALSO,FALSO,FALSO,FALSO,FALSO,FALSO,FALSO,FALSO,FALSO,FALSO,FALSO,FALSO,09,012,0001,1941,030,Contenida,01200011941030,20.000000000000000,19,19,19,19,95.000000000000000,95.000000000000000,95.000000000000000,95.000000000000000
28769251,Calzada de los Tenorios 150 #150Int. C504,Tlalpan,14326,Departamento,"1,795,000",MXN,19.294364173219051,-99.11713529,75,3,1,5,35,FALSO,FALSO,FALSO,FALSO,FALSO,FALSO,FALSO,FALSO,FALSO,FALSO,FALSO,FALSO,FALSO,FALSO,09,012,0001,1941,009,Contenedora,01200011941009,49.000000000000000,45,44,44,44,91.836734693877602,89.795918367346900,89.795918367346900,89.795918367346900
28725226,Calzada de Tlalpan #1023,Benito Juárez,3500,Departamento,"3,256,000",MXN,19.386237999999999,-99.13887,67,2,1,1,1,FALSO,FALSO,FALSO,FALSO,FALSO,FALSO,FALSO,FALSO,FALSO,FALSO,FALSO,FALSO,FALSO,FALSO,09,014,0001,0331,019,Típica,01400010331019,10.000000000000000,5,5,5,5,50.000000000000000,50.000000000000000,50.000000000000000,50.000000000000000
28720529,CAMPOS ELISEOS #226,Miguel Hidalgo,11560,Departamento,"16,500,000",MXN,19.428844000000002,-99.19042,215,3,2,1,47,FALSO,FALSO,FALSO,FALSO,FALSO,FALSO,FALSO,FALSO,FALSO,FALSO,FALSO,FALSO,FALSO,FALSO,09,016,0001,0783,013,Típica,01600010783013,116.000000000000000,98,96,98,98,84.482758620689694,82.758620689655203,84.482758620689694,84.482758620689694
25285547,CARRETERA MEXICO TOLUCA #5860,Cuajimalpa de Morelos,5500,Departamento,"4,389,000",MXN,19.350106718982087,-99.29852429,90,2,2,5,2,VERDADERO,VERDADERO,FALSO,FALSO,VERDADERO,FALSO,FALSO,VERDADERO,FALSO,FALSO,FALSO,FALSO,VERDADERO,FALSO,09,004,0001,0119,009,Típica,00400010119009,1285.000000000000000,1244,1227,1236,1233,96.809338521400804,95.486381322957200,96.186770428015606,95.953307392996095
28289381,Cda Mártires de Río Blanco #104,Gustavo A. Madero,7840,Departamento,"1,472,310",MXN,19.456458577078468,-99.1144844,55,2,1,1,1,FALSO,FALSO,FALSO,FALSO,FALSO,FALSO,FALSO,FALSO,FALSO,FALSO,FALSO,FALSO,FALSO,FALSO,09,005,0001,2199,018,Típica,00500012199018,20.000000000000000,14,14,14,14,70.000000000000000,70.000000000000000,70.000000000000000,70.000000000000000
26608630,Centeno #349,Iztacalco,8400,Departamento,"1,690,000",MXN,19.402750999999999,-99.098584,65,2,1,3,1,FALSO,VERDADERO,VERDADERO,FALSO,FALSO,FALSO,FALSO,FALSO,FALSO,FALSO,FALSO,FALSO,FALSO,FALSO,09,006,0001,0132,018,Típica,00600010132018,51.000000000000000,43,43,43,43,84.313725490196106,84.313725490196106,84.313725490196106,84.313725490196106
28797116,Cerrada Coyoacán,Benito Juárez,3104,Departamento,"7,500,000",MXN,19.374595754500000,-99.17077303,106,2,2,1,5,FALSO,FALSO,VERDADERO,FALSO,FALSO,FALSO,VERDADERO,FALSO,FALSO,FALSO,FALSO,FALSO,VERDADERO,FALSO,09,014,0001,0740,016,Típica,01400010740016,10.000000000000000,10,10,10,10,100.000000000000000,100.000000000000000,100.000000000000000,100.000000000000000
28567859,Cicerón,Miguel Hidalgo,11510,Departamento,"3,250,000",USD,19.434378200000001,-99.2072794,600,1,0,1,1,FALSO,FALSO,FALSO,FALSO,FALSO,FALSO,FALSO,FALSO,FALSO,FALSO,FALSO,FALSO,FALSO,FALSO,09,016,0001,0637,026,Típica,01600010637026,59.000000000000000,57,57,57,57,96.610169491525397,96.610169491525397,96.610169491525397,96.610169491525397
28263787,Cienfuegos 1077 #1077Int.  Torre B,Gustavo A. Madero,7300,Departamento,"3,990,000",MXN,19.500929899999999,-99.1220684,80,2,2,1,5,FALSO,VERDADERO,FALSO,FALSO,FALSO,FALSO,FALSO,VERDADERO,FALSO,FALSO,FALSO,FALSO,VERDADERO,FALSO,09,005,0001,0756,011,Típica,00500010756011,198.000000000000000,63,62,63,63,31.818181818181799,31.313131313131301,31.818181818181799,31.818181818181799
28659890,Colonia Condesa,Cuauhtémoc,6100,Departamento,"6,480,000",MXN,19.409368199999999,-99.1719095,90,2,2,1,3,FALSO,FALSO,FALSO,FALSO,FALSO,FALSO,FALSO,FALSO,FALSO,FALSO,FALSO,FALSO,VERDADERO,FALSO,09,015,0001,1341,016,Típica,01500011341016,113.000000000000000,83,83,83,83,73.451327433628293,73.451327433628293,73.451327433628293,73.451327433628293
28759411,Cossio,Benito Juárez,3100,Departamento,"7,095,000",MXN,19.379715099999999,-99.1677132,160,3,3,1,1,FALSO,FALSO,FALSO,FALSO,FALSO,FALSO,FALSO,FALSO,FALSO,FALSO,FALSO,FALSO,FALSO,FALSO,09,014,0001,0609,002,Típica,01400010609002,119.000000000000000,92,92,92,92,77.310924369747895,77.310924369747895,77.310924369747895,77.310924369747895
28340757,,Cuajimalpa de Morelos,5000,Departamento,"8,000,000",MXN,19.364667499999999,-99.259687,104,2,2,1,1,FALSO,FALSO,FALSO,FALSO,FALSO,FALSO,FALSO,FALSO,FALSO,FALSO,FALSO,FALSO,FALSO,FALSO,09,010,0001,2358,018,Típica,01000012358018,52.000000000000000,52,52,52,52,100.000000000000000,100.000000000000000,100.000000000000000,100.000000000000000
28067053,,Benito Juárez,3100,Departamento,"6,399,999",MXN,19.379715099999999,-99.1677132,85,3,2,1,1,FALSO,FALSO,FALSO,FALSO,FALSO,FALSO,FALSO,FALSO,FALSO,FALSO,FALSO,FALSO,FALSO,FALSO,09,014,0001,0609,002,Típica,01400010609002,119.000000000000000,92,92,92,92,77.310924369747895,77.310924369747895,77.310924369747895,77.310924369747895
28607123,_,Benito Juárez,3103,Departamento,"5,250,000",MXN,19.381893999999999,-99.157795,165,2,2,1,30,FALSO,FALSO,VERDADERO,FALSO,FALSO,FALSO,FALSO,FALSO,VERDADERO,FALSO,FALSO,FALSO,FALSO,FALSO,09,014,0001,0420,012,Típica,01400010420012,192.000000000000000,129,129,129,129,67.187500000000000,67.187500000000000,67.187500000000000,67.187500000000000
28762826,,Benito Juárez,3104,Departamento,"6,410,000",MXN,19.372923300000000,-99.1645558,86,2,2,1,1,FALSO,FALSO,FALSO,FALSO,FALSO,FALSO,FALSO,FALSO,FALSO,FALSO,FALSO,FALSO,FALSO,FALSO,09,014,0001,0755,002,Típica,01400010755002,125.000000000000000,106,106,106,106,84.799999999999997,84.799999999999997,84.799999999999997,84.799999999999997
28649505,DEPARTAMENTO CON AMENIDADES  EN ANZURES PARA INVERSIONISTAS,Miguel Hidalgo,11300,Departamento,"3,300,000",MXN,19.436516000000001,-99.1739857,45,1,1,1,1,FALSO,VERDADERO,FALSO,VERDADERO,FALSO,FALSO,FALSO,VERDADERO,FALSO,FALSO,FALSO,FALSO,VERDADERO,FALSO,09,016,0001,0590,005,Típica,01600010590005,95.000000000000000,90,90,90,90,94.736842105263193,94.736842105263193,94.736842105263193,94.736842105263193
28725763,División del Norte #152,Cuajimalpa de Morelos,5330,Departamento,"5,950,000",MXN,19.356024000000001,-99.28876,217,3,2,1,18,FALSO,FALSO,FALSO,FALSO,FALSO,FALSO,FALSO,FALSO,FALSO,FALSO,FALSO,FALSO,FALSO,FALSO,09,004,0001,0104,011,Típica,00400010104011,402.000000000000000,290,290,290,290,72.139303482587081,72.139303482587081,72.139303482587081,72.139303482587081
28664272,Edgar Allan Poe,Miguel Hidalgo,11540,Departamento,"13,859,060",MXN,19.435306099999998,-99.1998673,105,2,2,1,1,FALSO,FALSO,FALSO,FALSO,FALSO,FALSO,VERDADERO,FALSO,FALSO,FALSO,FALSO,FALSO,FALSO,FALSO,09,016,0001,0641,015,Típica,01600010641015,68.000000000000000,47,47,47,47,69.117647058823493,69.117647058823493,69.117647058823493,69.117647058823493
28785559,Edgar Allan Poe,Miguel Hidalgo,11540,Departamento,"31,894,000",MXN,19.435306099999998,-99.1998673,248,3,4,1,1,FALSO,FALSO,FALSO,FALSO,FALSO,FALSO,VERDADERO,FALSO,VERDADERO,FALSO,FALSO,FALSO,VERDADERO,FALSO,09,016,0001,0641,015,Típica,01600010641015,68.000000000000000,47,47,47,47,69.117647058823493,69.117647058823493,69.117647058823493,69.117647058823493
28833526,Edgar Allan Poe,Miguel Hidalgo,11540,Departamento,"16,600,000",MXN,19.433355200000001,-99.199532,150,2,2,1,10,FALSO,FALSO,VERDADERO,FALSO,FALSO,FALSO,VERDADERO,FALSO,FALSO,FALSO,FALSO,FALSO,FALSO,FALSO,09,016,0001,0641,005,Típica,01600010641005,43.000000000000000,27,27,27,27,62.790697674418603,62.790697674418603,62.790697674418603,62.790697674418603
28762834,,Cuajimalpa de Morelos,5320,Departamento,"5,500,000",MXN,19.366054699999999,-99.2985273,149,2,2,1,1,FALSO,FALSO,FALSO,FALSO,FALSO,FALSO,FALSO,FALSO,FALSO,FALSO,FALSO,FALSO,FALSO,FALSO,09,004,0001,0299,017,Típica,00400010299017,275.000000000000000,177,177,177,177,64.363636363636402,64.363636363636402,64.363636363636402,64.363636363636402
28087157,Emerson 121 #121Int. 1,Miguel Hidalgo,11560,Departamento,"13,800,000",MXN,19.437117099999998,-99.1889014,287,3,2,1,50,FALSO,VERDADERO,VERDADERO,FALSO,FALSO,FALSO,FALSO,FALSO,FALSO,FALSO,FALSO,FALSO,FALSO,FALSO,09,016,0001,0660,009,Típica,01600010660009,292.000000000000000,203,203,203,203,69.520547945205493,69.520547945205493,69.520547945205493,69.520547945205493
28425344,Gabino Barreda #93,Cuauhtémoc,6470,Departamento,"5,533,157",MXN,19.437349000000001,-99.166779,84,2,2,1,1,FALSO,FALSO,VERDADERO,FALSO,FALSO,FALSO,FALSO,FALSO,FALSO,FALSO,FALSO,FALSO,VERDADERO,FALSO,09,015,0001,0678,012,Típica,01500010678012,400.000000000000000,344,342,344,343,86.000000000000000,85.500000000000000,86.000000000000000,85.750000000000000
28688798,Gabriel Mancera,Benito Juárez,3103,Departamento,"3,300,000",MXN,19.393719699999998,-99.1622858,82,2,1,1,64,FALSO,FALSO,VERDADERO,FALSO,FALSO,FALSO,FALSO,FALSO,VERDADERO,FALSO,FALSO,FALSO,FALSO,FALSO,09,014,0001,0257,023,Típica,01400010257023,336.000000000000000,306,306,306,306,91.071428571428598,91.071428571428598,91.071428571428598,91.071428571428598
28722578,Garcia Diego #299,Cuauhtémoc,6720,Departamento,"1,700,000",MXN,19.416924999999999,-99.15379,60,2,1,1,25,FALSO,FALSO,FALSO,FALSO,FALSO,FALSO,FALSO,FALSO,FALSO,FALSO,FALSO,FALSO,FALSO,FALSO,09,015,0001,1125,007,Típica,01500011125007,115.000000000000000,111,111,111,111,96.521739130434796,96.521739130434796,96.521739130434796,96.521739130434796
28690951,Gobernador Agustín Vicente Eguia #47,Miguel Hidalgo,11850,Departamento,"8,500,000",MXN,19.407639899999999,-99.1882113,125,2,3,1,1,FALSO,FALSO,VERDADERO,FALSO,FALSO,FALSO,VERDADERO,FALSO,FALSO,FALSO,FALSO,FALSO,VERDADERO,FALSO,09,016,0001,1160,005,Típica,01600011160005,36.000000000000000,33,33,33,33,91.666666666666700,91.666666666666700,91.666666666666700,91.666666666666700
28774805,Hamburgo 322 #322,Cuauhtémoc,6600,Departamento,"6,900,000",MXN,19.421783800000000,-99.1738244,140,2,2,1,10,FALSO,VERDADERO,FALSO,VERDADERO,FALSO,FALSO,FALSO,FALSO,FALSO,FALSO,FALSO,FALSO,VERDADERO,FALSO,09,015,0001,0983,008,Típica,01500010983008,85.000000000000000,46,46,46,46,54.117647058823501,54.117647058823501,54.117647058823501,54.117647058823501
28641555,Juan Sebastian Bach,Gustavo A. Madero,7870,Departamento,"2,025,000",MXN,19.466109599999999,-99.1362003,51,1,0,1,3,FALSO,FALSO,VERDADERO,FALSO,FALSO,FALSO,FALSO,FALSO,FALSO,FALSO,FALSO,FALSO,VERDADERO,FALSO,09,005,0001,174A,004,Típica,0050001174A004,146.000000000000000,62,62,62,62,42.465753424657493,42.465753424657493,42.465753424657493,42.465753424657493
28517312,Lafayette,Miguel Hidalgo,11590,Departamento,"8,500,000",MXN,19.432831600000000,-99.1763979,145,2,3,1,23,FALSO,FALSO,VERDADERO,FALSO,FALSO,FALSO,FALSO,FALSO,VERDADERO,FALSO,FALSO,FALSO,VERDADERO,FALSO,09,016,0001,0707,009,Típica,01600010707009,112.000000000000000,98,98,98,98,87.500000000000000,87.500000000000000,87.500000000000000,87.500000000000000
28721560,Lago Ilopango #207,Miguel Hidalgo,11280,Departamento,"4,696,380",MXN,19.458416000000000,-99.19607,116,3,2,1,1,FALSO,FALSO,FALSO,FALSO,FALSO,FALSO,FALSO,FALSO,FALSO,FALSO,FALSO,FALSO,FALSO,FALSO,09,016,0001,0139,016,Típica,01600010139016,46.000000000000000,44,44,44,44,95.652173913043498,95.652173913043498,95.652173913043498,95.652173913043498
27434451,Lago Neuchatel,Miguel Hidalgo,11520,Departamento,"5,800,000",MXN,19.443829200000000,-99.2013129,127,3,2,1,15,FALSO,FALSO,FALSO,FALSO,VERDADERO,FALSO,FALSO,VERDADERO,FALSO,FALSO,FALSO,FALSO,VERDADERO,FALSO,09,016,0001,0444,010,Típica,01600010444010,782.000000000000000,737,737,737,737,94.245524296675200,94.245524296675200,94.245524296675200,94.245524296675200
28543680,Laguna del Carmen,Miguel Hidalgo,11320,Departamento,"2,350,000",MXN,19.448373325147674,-99.17400673,57,3,1,5,1,FALSO,FALSO,FALSO,FALSO,FALSO,FALSO,FALSO,FALSO,FALSO,FALSO,FALSO,FALSO,FALSO,FALSO,09,016,0001,029A,015,Típica,0160001029A015,321.000000000000000,288,288,288,288,89.719626168224295,89.719626168224295,89.719626168224295,89.719626168224295
28823831,Lamartine 152 #152,Miguel Hidalgo,11560,Departamento,"7,900,000",MXN,19.436055800000009,-99.18950105,111,2,2,1,30,FALSO,VERDADERO,VERDADERO,FALSO,FALSO,VERDADERO,FALSO,FALSO,VERDADERO,FALSO,FALSO,FALSO,VERDADERO,FALSO,09,016,0001,0660,009,Típica,01600010660009,292.000000000000000,203,203,203,203,69.520547945205493,69.520547945205493,69.520547945205493,69.520547945205493
28531160,Leandro Valle,Cuauhtémoc,6010,Departamento,"3,345,000",MXN,19.438593699999998,-99.1342656,114,2,2,1,95,FALSO,FALSO,FALSO,FALSO,FALSO,FALSO,FALSO,FALSO,FALSO,FALSO,FALSO,FALSO,FALSO,FALSO,09,015,0001,0644,006,Típica,01500010644006,428.000000000000000,293,292,292,292,68.457943925233593,68.224299065420595,68.224299065420595,68.224299065420595
28332207,,Miguel Hidalgo,11000,Departamento,"699,000",USD,19.439186253300001,-99.22251046,226,3,3,1,1,FALSO,FALSO,FALSO,FALSO,FALSO,FALSO,FALSO,FALSO,FALSO,FALSO,FALSO,FALSO,FALSO,FALSO,09,016,0001,0514,001,Contenedora,01600010514001,95.000000000000000,76,76,76,76,80.000000000000000,80.000000000000000,80.000000000000000,80.000000000000000
28781854,Martin Mendalde #1761,Benito Juárez,3240,Departamento,"6,900,000",MXN,19.361354916664677,-99.17133031,195,3,2,1,49,FALSO,FALSO,VERDADERO,FALSO,FALSO,FALSO,FALSO,FALSO,VERDADERO,FALSO,FALSO,FALSO,VERDADERO,FALSO,09,014,0001,0948,003,Típica,01400010948003,265.000000000000000,173,173,173,173,65.283018867924497,65.283018867924497,65.283018867924497,65.283018867924497
28772234,Martin Mendalde,Benito Juárez,3104,Departamento,"6,900,000",MXN,19.374863000000001,-99.1693946,195,3,2,1,41,FALSO,FALSO,VERDADERO,FALSO,FALSO,FALSO,FALSO,FALSO,FALSO,FALSO,FALSO,FALSO,VERDADERO,FALSO,09,014,0001,0740,001,Típica,01400010740001,133.000000000000000,110,110,110,110,82.706766917293194,82.706766917293194,82.706766917293194,82.706766917293194
27398915,Mitla,Benito Juárez,3023,Departamento,"6,975,150",MXN,19.385226100000001,-99.1504056,73,2,2,1,1,FALSO,FALSO,VERDADERO,FALSO,FALSO,FALSO,FALSO,FALSO,FALSO,FALSO,FALSO,FALSO,VERDADERO,FALSO,09,014,0001,0435,004,Típica,01400010435004,21.000000000000000,17,17,17,17,80.952380952380906,80.952380952380906,80.952380952380906,80.952380952380906
28543049,ORIENTE 237 #152 Edif A,Iztacalco,8500,Departamento,"2,193,000",MXN,19.392349500000002,-99.0709315,64,2,1,1,7,FALSO,VERDADERO,FALSO,VERDADERO,FALSO,FALSO,FALSO,FALSO,FALSO,FALSO,FALSO,FALSO,VERDADERO,FALSO,09,006,0001,0359,016,Contenedora,00600010359016,107.000000000000000,100,100,100,100,93.457943925233593,93.457943925233593,93.457943925233593,93.457943925233593
28546783,palacio escorial,Miguel Hidalgo,11930,Departamento,"16,600,000",MXN,19.401637500000000,-99.2348641,350,3,3,1,1,FALSO,FALSO,VERDADERO,FALSO,FALSO,FALSO,VERDADERO,FALSO,FALSO,FALSO,FALSO,FALSO,VERDADERO,FALSO,09,016,0001,1279,007,Típica,01600011279007,58.000000000000000,32,32,32,32,55.172413793103402,55.172413793103402,55.172413793103402,55.172413793103402
28811574,PALACIO ESCORIAL,Miguel Hidalgo,11930,Departamento,"8,850,000",MXN,19.401640900000000,-99.2348447,120,2,2,1,4,FALSO,FALSO,VERDADERO,FALSO,FALSO,FALSO,FALSO,FALSO,FALSO,FALSO,FALSO,VERDADERO,VERDADERO,FALSO,09,016,0001,1279,007,Típica,01600011279007,58.000000000000000,32,32,32,32,55.172413793103402,55.172413793103402,55.172413793103402,55.172413793103402
28566971,Park Plaza,Álvaro Obregón,1210,Departamento,"9,900,000",MXN,19.364455899999999,-99.2597087,190,2,2,1,8,VERDADERO,FALSO,FALSO,FALSO,VERDADERO,FALSO,VERDADERO,VERDADERO,FALSO,FALSO,FALSO,FALSO,VERDADERO,FALSO,09,010,0001,2358,018,Típica,01000012358018,52.000000000000000,52,52,52,52,100.000000000000000,100.000000000000000,100.000000000000000,100.000000000000000
28822249,Paseo de los Laureles 404 #404,Cuajimalpa de Morelos,5100,Departamento,"11,050,000",MXN,19.379563900000001,-99.2661971,305,4,3,1,23,VERDADERO,VERDADERO,FALSO,VERDADERO,VERDADERO,FALSO,FALSO,VERDADERO,FALSO,FALSO,FALSO,FALSO,VERDADERO,FALSO,09,004,0001,0195,087,Contenida,00400010195087,62.000000000000000,49,47,49,49,79.032258064516100,75.806451612903203,79.032258064516100,79.032258064516100
28822249,Paseo de los Laureles 404 #404,Cuajimalpa de Morelos,5100,Departamento,"11,050,000",MXN,19.379563900000001,-99.2661971,305,4,3,1,23,VERDADERO,VERDADERO,FALSO,VERDADERO,VERDADERO,FALSO,FALSO,VERDADERO,FALSO,FALSO,FALSO,FALSO,VERDADERO,FALSO,09,004,0001,0195,020,Contenedora,00400010195020,352.000000000000000,339,334,338,335,96.306818181818201,94.886363636363598,96.022727272727295,95.170454545454518
28534056,Pennsylvania,Benito Juárez,3840,Departamento,"4,500,000",MXN,19.387460900000001,-99.1775929,60,2,2,1,4,FALSO,FALSO,VERDADERO,FALSO,FALSO,FALSO,FALSO,FALSO,FALSO,FALSO,FALSO,FALSO,VERDADERO,FALSO,09,014,0001,037A,009,Típica,0140001037A009,173.000000000000000,156,156,156,156,90.173410404624306,90.173410404624306,90.173410404624306,90.173410404624306
28136474,PENTHOUSE CON 2 RECAMARAS Y ROOF PRIVADO EN CALLE TRANQUILA #134Int. 303,Miguel Hidalgo,11560,Departamento,"9,345,000",MXN,19.435653929130996,-99.18350745,165,2,2,3,1,FALSO,VERDADERO,FALSO,VERDADERO,FALSO,FALSO,VERDADERO,FALSO,FALSO,FALSO,FALSO,FALSO,FALSO,FALSO,09,016,0001,068A,017,Típica,0160001068A017,135.000000000000000,106,106,106,106,78.518518518518519,78.518518518518519,78.518518518518519,78.518518518518519
28832029,PENTHOUSE CON ROOF PRIVADO ROMA NORTEInt. 104,Cuauhtémoc,6700,Departamento,"8,976,790",MXN,19.410939854672304,-99.16349314,172,2,2,1,1,FALSO,VERDADERO,FALSO,VERDADERO,FALSO,FALSO,FALSO,VERDADERO,FALSO,FALSO,FALSO,FALSO,VERDADERO,FALSO,09,015,0001,1360,008,Típica,01500011360008,86.000000000000000,82,82,82,82,95.348837209302303,95.348837209302303,95.348837209302303,95.348837209302303
28635481,PENTHOUSE CON ROOF PRIVADO Y ESTUDIO,Benito Juárez,3303,Departamento,"5,200,000",MXN,19.366483393398511,-99.14936903,132,2,2,4,1,VERDADERO,VERDADERO,FALSO,VERDADERO,FALSO,FALSO,FALSO,FALSO,FALSO,FALSO,FALSO,FALSO,VERDADERO,FALSO,09,014,0001,0863,031,Típica,01400010863031,38.000000000000000,37,36,37,37,97.368421052631604,94.736842105263193,97.368421052631604,97.368421052631604
27872291,Periférico,Coyoacán,4700,Departamento,"5,550,000",MXN,19.303663381800000,-99.17711578,106,3,2,1,5,VERDADERO,FALSO,VERDADERO,FALSO,VERDADERO,FALSO,FALSO,VERDADERO,FALSO,FALSO,FALSO,FALSO,VERDADERO,FALSO,09,003,0001,1783,035,Típica,00300011783035,331.000000000000000,178,172,178,178,53.776435045317200,51.963746223565003,53.776435045317200,53.776435045317200
24668493,PLUTARCO E. CALLES  #21Int. 1,Iztacalco,8400,Departamento,"2,174,848",MXN,19.397144694785037,-99.09991438,47,2,1,1,1,FALSO,VERDADERO,VERDADERO,FALSO,FALSO,FALSO,FALSO,FALSO,FALSO,FALSO,FALSO,FALSO,VERDADERO,FALSO,09,006,0001,0132,015,Típica,00600010132015,155.000000000000000,132,132,132,132,85.161290322580598,85.161290322580598,85.161290322580598,85.161290322580598
27098264,Po de Las Galias 15 #15,Iztapalapa,9890,Departamento,"1,850,000",MXN,19.322028400000001,-99.0967708,60,2,1,4,30,FALSO,VERDADERO,FALSO,FALSO,FALSO,FALSO,FALSO,FALSO,FALSO,FALSO,FALSO,FALSO,FALSO,FALSO,09,007,0001,1941,022,Típica,00700011941022,70.000000000000000,65,65,65,65,92.857142857142890,92.857142857142890,92.857142857142890,92.857142857142890
28488016,Popotla #43,Álvaro Obregón,1090,Departamento,"4,450,000",MXN,19.332913782847186,-99.20820056,100,3,2,3,16,FALSO,VERDADERO,FALSO,FALSO,FALSO,FALSO,FALSO,FALSO,FALSO,FALSO,FALSO,FALSO,VERDADERO,FALSO,09,010,0001,1237,023,Típica,01000011237023,104.000000000000000,103,103,103,103,99.038461538461505,99.038461538461505,99.038461538461505,99.038461538461505
28762803,,Benito Juárez,3570,Departamento,"4,959,666",MXN,19.363888700000000,-99.1517173,69,2,2,1,1,FALSO,FALSO,FALSO,FALSO,FALSO,FALSO,FALSO,FALSO,FALSO,FALSO,FALSO,FALSO,FALSO,FALSO,09,014,0001,0990,009,Típica,01400010990009,64.000000000000000,47,47,47,47,73.437500000000000,73.437500000000000,73.437500000000000,73.437500000000000
28148926,Prol. Bosques de Reforma,Cuajimalpa de Morelos,5120,Departamento,"35,000,000",MXN,19.389783800000000,-99.2602318,423,3,3,1,4,FALSO,FALSO,FALSO,FALSO,VERDADERO,FALSO,VERDADERO,VERDADERO,FALSO,FALSO,FALSO,VERDADERO,VERDADERO,FALSO,09,004,0001,0176,015,Típica,00400010176015,280.000000000000000,270,266,268,266,96.428571428571402,95.000000000000000,95.714285714285694,95.000000000000000
28661123,Prolongación Calle Carlos Echanove,Cuajimalpa de Morelos,5320,Departamento,"12,500,000",MXN,19.361720300000002,-99.2834093,244,2,2,1,50,FALSO,FALSO,VERDADERO,FALSO,VERDADERO,VERDADERO,FALSO,VERDADERO,FALSO,FALSO,FALSO,FALSO,VERDADERO,FALSO,09,004,0001,0104,015,Contenedora,00400010104015,170.000000000000000,158,158,158,158,92.941176470588204,92.941176470588204,92.941176470588204,92.941176470588204
28593742,Prolongación Paseo de la Reforma,Álvaro Obregón,1310,Departamento,"3,700,000",MXN,19.379264700000000,-99.2541168,65,2,2,1,7,FALSO,FALSO,VERDADERO,FALSO,VERDADERO,FALSO,FALSO,VERDADERO,FALSO,FALSO,FALSO,FALSO,VERDADERO,FALSO,09,010,0001,1379,025,Típica,01000011379025,339.000000000000000,288,280,288,286,84.955752212389399,82.595870206489707,84.955752212389399,84.365781710914518
28686940,Rafael Delgado,Cuauhtémoc,6800,Departamento,"1,708,600",MXN,19.409949699999999,-99.1387533,40,1,1,1,1,FALSO,FALSO,FALSO,FALSO,FALSO,FALSO,FALSO,FALSO,FALSO,FALSO,FALSO,FALSO,FALSO,FALSO,09,015,0001,1407,005,Típica,01500011407005,109.000000000000000,106,106,106,106,97.247706422018396,97.247706422018396,97.247706422018396,97.247706422018396
28686943,Rafael Delgado,Cuauhtémoc,6800,Departamento,"1,688,800",MXN,19.409949699999999,-99.1387533,39,1,1,1,1,FALSO,FALSO,FALSO,FALSO,FALSO,FALSO,FALSO,FALSO,FALSO,FALSO,FALSO,FALSO,FALSO,FALSO,09,015,0001,1407,005,Típica,01500011407005,109.000000000000000,106,106,106,106,97.247706422018396,97.247706422018396,97.247706422018396,97.247706422018396
26997184,Rébsamen,Benito Juárez,3020,Departamento,"8,350,000",MXN,19.395738200000000,-99.1587829,122,3,2,1,1,FALSO,FALSO,VERDADERO,FALSO,FALSO,FALSO,VERDADERO,FALSO,FALSO,FALSO,FALSO,FALSO,VERDADERO,FALSO,09,014,0001,0064,017,Típica,01400010064017,171.000000000000000,155,155,155,155,90.643274853801202,90.643274853801202,90.643274853801202,90.643274853801202
27923502,Rébsamen,Benito Juárez,3020,Departamento,"7,400,000",MXN,19.395738200000000,-99.1587829,122,3,2,1,1,FALSO,FALSO,VERDADERO,FALSO,FALSO,FALSO,VERDADERO,FALSO,FALSO,FALSO,FALSO,FALSO,VERDADERO,FALSO,09,014,0001,0064,017,Típica,01400010064017,171.000000000000000,155,155,155,155,90.643274853801202,90.643274853801202,90.643274853801202,90.643274853801202
28723950,Retorno 701 #110,Coyoacán,4450,Departamento,"3,000,000",MXN,19.334671000000000,-99.14039,60,2,1,1,15,FALSO,FALSO,FALSO,FALSO,FALSO,FALSO,FALSO,FALSO,FALSO,FALSO,FALSO,FALSO,FALSO,FALSO,09,003,0001,0484,018,Típica,00300010484018,30.000000000000000,28,28,28,28,93.333333333333300,93.333333333333300,93.333333333333300,93.333333333333300
28659297,Rio de la Magdalena 200 - 23,Álvaro Obregón,1090,Departamento,"12,500,000",MXN,19.337614700000000,-99.194878,231,3,3,1,15,FALSO,FALSO,FALSO,FALSO,VERDADERO,FALSO,VERDADERO,VERDADERO,FALSO,FALSO,FALSO,FALSO,VERDADERO,FALSO,09,010,0001,1241,013,Típica,01000011241013,117.000000000000000,107,107,107,107,91.452991452991498,91.452991452991498,91.452991452991498,91.452991452991498
28660151,Río Guadalquivir 100,Cuauhtémoc,6500,Departamento,"5,990,000",MXN,19.430132199999999,-99.1691413,86,2,2,1,1,FALSO,FALSO,FALSO,FALSO,FALSO,VERDADERO,FALSO,FALSO,FALSO,FALSO,FALSO,FALSO,VERDADERO,FALSO,09,015,0001,0822,004,Típica,01500010822004,103.000000000000000,62,62,62,62,60.194174757281601,60.194174757281601,60.194174757281601,60.194174757281601
28660725,Rio Rhin 100,Cuauhtémoc,6500,Departamento,"4,500,000",MXN,19.430132199999999,-99.1691413,100,2,1,1,42,FALSO,FALSO,FALSO,FALSO,FALSO,FALSO,FALSO,FALSO,FALSO,FALSO,FALSO,FALSO,VERDADERO,FALSO,09,015,0001,0822,004,Típica,01500010822004,103.000000000000000,62,62,62,62,60.194174757281601,60.194174757281601,60.194174757281601,60.194174757281601
28528902,Roma Norte,Cuauhtémoc,6700,Departamento,"5,181,660",MXN,19.418525599999999,-99.163549,78,2,2,1,1,FALSO,FALSO,VERDADERO,FALSO,FALSO,FALSO,FALSO,VERDADERO,FALSO,FALSO,FALSO,FALSO,VERDADERO,FALSO,09,015,0001,1002,015,Típica,01500011002015,24.000000000000000,19,19,19,19,79.166666666666700,79.166666666666700,79.166666666666700,79.166666666666700
28796290,San Bernabé,La Magdalena Contreras,10200,Departamento,"3,450,000",MXN,19.329469100000001,-99.2293775,135,3,2,1,31,FALSO,FALSO,VERDADERO,FALSO,FALSO,FALSO,FALSO,FALSO,FALSO,FALSO,FALSO,FALSO,FALSO,FALSO,09,008,0001,0118,009,Típica,00800010118009,328.000000000000000,313,313,313,313,95.426829268292707,95.426829268292707,95.426829268292707,95.426829268292707
27910829,San Lorenzo 1009 #1009,Benito Juárez,3104,Departamento,"5,710,000",MXN,19.372381600000001,-99.1642556,74,2,2,1,1,FALSO,VERDADERO,VERDADERO,FALSO,FALSO,FALSO,FALSO,VERDADERO,FALSO,FALSO,FALSO,FALSO,VERDADERO,FALSO,09,014,0001,0755,011,Típica,01400010755011,18.000000000000000,15,15,15,15,83.333333333333300,83.333333333333300,83.333333333333300,83.333333333333300
27912757,San Lorenzo 1009 #1009,Benito Juárez,3104,Departamento,"6,900,000",MXN,19.372381600000001,-99.1642556,91,2,2,1,1,FALSO,VERDADERO,FALSO,FALSO,FALSO,FALSO,FALSO,VERDADERO,FALSO,FALSO,FALSO,FALSO,VERDADERO,FALSO,09,014,0001,0755,011,Típica,01400010755011,18.000000000000000,15,15,15,15,83.333333333333300,83.333333333333300,83.333333333333300,83.333333333333300
28661933,Santa Maria la Ribera  200 - 202,Cuauhtémoc,6400,Departamento,"3,228,642",MXN,19.446827899999999,-99.1594532,50,1,1,1,2,FALSO,FALSO,FALSO,FALSO,FALSO,FALSO,VERDADERO,FALSO,FALSO,FALSO,FALSO,FALSO,FALSO,FALSO,09,015,0001,0555,011,Típica,01500010555011,150.000000000000000,113,113,113,113,75.333333333333300,75.333333333333300,75.333333333333300,75.333333333333300
28081657,SECCION F,Álvaro Obregón,1480,Departamento,"1,680,000",MXN,19.370914899999999,-99.1923033,63,3,1,2,1,VERDADERO,FALSO,FALSO,VERDADERO,FALSO,FALSO,FALSO,FALSO,FALSO,FALSO,FALSO,FALSO,FALSO,FALSO,09,010,0001,0648,011,Edificio-Manzana,01000010648011,48.000000000000000,42,42,42,42,87.500000000000000,87.500000000000000,87.500000000000000,87.500000000000000
28661334,Segunda Cerrada del Moral 100,Álvaro Obregón,1700,Departamento,"5,800,000",MXN,19.341893700000000,-99.2245237,157,3,3,1,27,FALSO,FALSO,FALSO,FALSO,VERDADERO,VERDADERO,VERDADERO,FALSO,FALSO,FALSO,FALSO,FALSO,VERDADERO,FALSO,09,010,0001,1171,055,Típica,01000011171055,580.000000000000000,526,525,525,525,90.689655172413794,90.517241379310306,90.517241379310306,90.517241379310306
28669216,SUIT EN REFORMA CON AMENIDADES PARA INVERSIONISTAS,Cuauhtémoc,6600,Departamento,"2,300,000",MXN,19.435120383854457,-99.15144329,30,1,1,1,1,FALSO,VERDADERO,FALSO,VERDADERO,VERDADERO,FALSO,FALSO,VERDADERO,FALSO,FALSO,FALSO,FALSO,VERDADERO,FALSO,09,015,0001,0729,006,Típica,01500010729006,248.000000000000000,106,106,106,106,42.741935483871003,42.741935483871003,42.741935483871003,42.741935483871003
28588547,Tízoc,Azcapotzalco,2000,Departamento,"2,130,000",MXN,19.479664900000000,-99.1857844,50,2,1,1,1,FALSO,FALSO,FALSO,FALSO,FALSO,FALSO,VERDADERO,FALSO,FALSO,FALSO,FALSO,FALSO,VERDADERO,FALSO,09,002,0001,0311,025,Típica,00200010311025,56.000000000000000,49,49,49,49,87.500000000000000,87.500000000000000,87.500000000000000,87.500000000000000
28662410,Vasco de Quiroga 3900,Cuajimalpa de Morelos,5320,Departamento,"9,000,000",MXN,19.361720300000002,-99.2834093,240,3,3,1,20,FALSO,FALSO,FALSO,FALSO,VERDADERO,VERDADERO,FALSO,VERDADERO,FALSO,FALSO,FALSO,FALSO,VERDADERO,FALSO,09,004,0001,0104,015,Contenedora,00400010104015,170.000000000000000,158,158,158,158,92.941176470588204,92.941176470588204,92.941176470588204,92.941176470588204
28019601,Vasco de Quiroga 4309 #4309,Cuajimalpa de Morelos,5348,Departamento,"8,900,000",MXN,19.356393199999999,-99.2838601,175,3,4,3,10,FALSO,VERDADERO,FALSO,VERDADERO,VERDADERO,FALSO,FALSO,FALSO,FALSO,FALSO,FALSO,VERDADERO,VERDADERO,FALSO,09,004,0001,0369,075,Contenedora,00400010369075,15.000000000000000,15,15,15,15,100.000000000000000,100.000000000000000,100.000000000000000,100.000000000000000
28583528,Victor Hugo,Benito Juárez,3303,Departamento,"3,950,000",MXN,19.370851399999999,-99.1501542,153,2,2,1,9,FALSO,FALSO,VERDADERO,FALSO,FALSO,FALSO,FALSO,FALSO,VERDADERO,FALSO,FALSO,FALSO,FALSO,FALSO,09,014,0001,0774,002,Típica,01400010774002,127.000000000000000,105,106,106,105,82.677165354330711,83.464566929133895,83.464566929133895,82.677165354330711
24668140,ZARAGOZA  #838Int. 01,Venustiano Carranza,15750,Departamento,"1,831,875",MXN,19.409783495425778,-99.07764667,53,2,1,5,1,FALSO,VERDADERO,VERDADERO,FALSO,FALSO,FALSO,FALSO,VERDADERO,FALSO,FALSO,FALSO,FALSO,FALSO,FALSO,09,017,0001,1295,021,Típica,01700011295021,233.000000000000000,146,146,146,146,62.660944206008601,62.660944206008601,62.660944206008601,62.660944206008601
99999999,,,,,,,19.4274124,-99.1666346,,,,,,,,,,,,,,,,,,,,,,,,,,,,,,,,,,,
